Start	Ref	Alt	bulkprop	avgindiv	mutprop	passage	variants	col	alpha
73	G	A	0.999716220447785	1	1	p25	G:73:A	Others	N
152	C	T	0.999091459721381	1	1	p25	C:152:T	Others	N
217	C	T	0.999436762510913	1	1	p25	C:217:T	Others	N
263	G	A	0.999831311413189	1	1	p25	G:263:A	Others	N
497	C	A	0.00643374592613857	0.142857142857143	0.345070422535211	p25	C:497:A	Others	N
508	A	G	0.999385770346357	1	1	p25	A:508:G	Others	N
750	A	G	0.9997725521846	1	1	p25	A:750:G	Others	N
875	T	C	0.00168929191640032	0.05625	0.24390243902439	p25	T:875:C	Others	N
1154	A	T	0.999578777894264	1	1	p25	A:1154:T	Others	N
1438	G	A	0.999815805227184	1	1	p25	G:1438:A	Others	N
1454	G	A	0.00196630497978168	0.0147058823529412	0.0105263157894737	p25	G:1454:A	Others	N
1811	G	A	0.999480271264869	1	1	p25	G:1811:A	Others	N
2273	A	G	0.00631537398855338	0.0515873015873016	0.0296296296296296	p25	A:2273:G	Others	N
2576	A	G	0.000548439955857272	0.0255681818181818	0.0526315789473684	p25	A:2576:G	Others	N
2706	G	A	0.999855248021088	1	1	p25	G:2706:A	Others	N
2905	A	T	0.00107725085581596	0.0313636363636364	0.00666666666666667	p25	A:2905:T	Others	N
3720	G	A	0.9994864020809	1	1	p25	G:3720:A	Others	N
3865	A	G	0.999561193229374	1	1	p25	A:3865:G	Others	N
4492	T	A	0.00117331725852808	0.0773809523809524	0.021978021978022	p25	T:4492:A	Others	N
4769	G	A	0.99916918877218	1	1	p25	G:4769:A	Others	N
4881	C	T	0.00480756294230028	0.0909090909090909	0.236749116607774	p25	C:4881:T	C:4881:T	Y
5390	G	A	0.99941546607984	1	1	p25	G:5390:A	Others	N
5426	C	T	0.99947191731734	1	1	p25	C:5426:T	Others	N
5790	C	A	0.0146389008640888	0.0697115384615385	0.00590841949778434	p25	C:5790:A	Others	N
6045	T	C	0.998193024233086	1	1	p25	T:6045:C	Others	N
6152	C	T	0.999176817787742	1	1	p25	C:6152:T	Others	N
6958	G	A	0.000394665648174671	0.0580808080808081	0.130434782608696	p25	G:6958:A	Others	N
7028	T	C	0.9986402837338	1	1	p25	T:7028:C	Others	N
7814	G	A	0.000699651695134379	0.0465367965367965	0.266666666666667	p25	G:7814:A	Others	N
8860	G	A	0.999408404043136	1	1	p25	G:8860:A	Others	N
10876	G	A	0.999464772785755	1	1	p25	G:10876:A	Others	N
11016	G	A	0.999065059399893	1	1	p25	G:11016:A	Others	N
11467	G	A	0.99954599473888	1	1	p25	G:11467:A	Others	N
11578	C	A	0.00179349394609898	0.0606060606060606	0.167647058823529	p25	C:11578:A	Others	N
11719	A	G	0.987165836137257	1	1	p25	A:11719:G	Others	N
11740	C	A	0.039776796760037	0.0666666666666667	0.383689839572192	p25	C:11740:A	Others	N
11963	G	A	0.00886813930593158	0.0693664795509222	0.343434343434343	p25	G:11963:A	Others	N
12308	G	A	0.999471087493699	1	1	p25	G:12308:A	Others	N
12372	A	G	0.997103133362247	1	1	p25	A:12372:G	Others	N
13020	C	T	0.996822231231988	1	1	p25	C:13020:T	Others	N
13240	G	A	0.00240498404312175	0.1	0.13849765258216	p25	G:13240:A	G:13240:A	Y
13734	C	T	0.999136968804299	1	1	p25	C:13734:T	Others	N
14581	T	C	0.0251763951250802	0.0909090909090909	0.536619718309859	p25	T:14581:C	Others	N
14766	C	T	0.999301873453517	1	1	p25	C:14766:T	Others	N
14983	C	T	0.0424083193485378	0.0769230769230769	0.416666666666667	p25	C:14983:T	Others	N
15326	G	A	0.999880864781527	1	1	p25	G:15326:A	Others	N
15454	T	C	0.99926387360789	1	1	p25	T:15454:C	Others	N
15731	G	A	0.999287257500501	1	1	p25	G:15731:A	Others	N
15732	C	T	0.999336212178683	1	1	p25	C:15732:T	Others	N
15807	C	T	0.000625982988912276	0.047008547008547	0.0382165605095541	p25	C:15807:T	Others	N
15907	G	A	0.999518837511428	1	1	p25	G:15907:A	Others	N
16051	G	A	0.999577315394492	1	1	p25	G:16051:A	Others	N
16129	C	G	0.997810702102744	1	1	p25	C:16129:G	Others	N
16178	TCA	T	0.0777140597192011	1	0.180327868852459	p25	TCA:16178:T	Others	N
16180	A	T	0.230777499104264	0.333333333333333	0.959946595460614	p25	A:16180:T	Others	N
16181	AAAC	A	0.0114259597806216	1	0.0337552742616034	p25	AAAC:16181:A	Others	N
16183	A	C	0.96192093136066	1	0.995938261575955	p25	A:16183:C	Others	N
16189	C	T	0.998792874510683	1	1	p25	C:16189:T	Others	N
16290	C	T	0.00580756936141139	0.0909090909090909	0.489270386266094	p25	C:16290:T	Others	N
16362	C	T	0.997620263170896	1	1	p25	C:16362:T	Others	N
16519	T	C	0.99970530078333	1	1	p25	T:16519:C	Others	N
73	G	A	0.999716220447785	1	1	p51	G:73:A	Others	N
152	C	T	0.999091459721381	1	1	p51	C:152:T	Others	N
217	C	T	0.999436762510913	1	1	p51	C:217:T	Others	N
263	G	A	0.999831311413189	1	1	p51	G:263:A	Others	N
497	C	A	0.00643374592613857	0.106203007518797	0.0243407707910751	p51	C:497:A	Others	N
508	A	G	0.999385770346357	1	1	p51	A:508:G	Others	N
750	A	G	0.9997725521846	1	1	p51	A:750:G	Others	N
875	T	C	0.00168929191640032	0.0185185185185185	0.093951093951094	p51	T:875:C	Others	N
1154	A	T	0.999578777894264	1	1	p51	A:1154:T	Others	N
1438	G	A	0.999815805227184	1	1	p51	G:1438:A	Others	N
1454	G	A	0.00196630497978168	0.0289915966386555	0.0948081264108352	p51	G:1454:A	Others	N
1811	G	A	0.999480271264869	1	1	p51	G:1811:A	Others	N
2273	A	G	0.00631537398855338	0.0548048048048048	0.133866133866134	p51	A:2273:G	Others	N
2576	A	G	0.000548439955857272	0.0139921722113503	0.0284237726098191	p51	A:2576:G	Others	N
2706	G	A	0.999855248021088	1	1	p51	G:2706:A	Others	N
2905	A	T	0.00107725085581596	0.0545454545454545	0.0268924302788845	p51	A:2905:T	Others	N
3720	G	A	0.9994864020809	1	1	p51	G:3720:A	Others	N
3865	A	G	0.999561193229374	1	0.999172185430464	p51	A:3865:G	Others	N
4492	T	A	0.00117331725852808	0.0652482269503546	0.0301624129930394	p51	T:4492:A	Others	N
4769	G	A	0.99916918877218	1	1	p51	G:4769:A	Others	N
4881	C	T	0.00480756294230028	0.0579710144927536	0.0636363636363636	p51	C:4881:T	C:4881:T	Y
5390	G	A	0.99941546607984	1	1	p51	G:5390:A	Others	N
5426	C	T	0.99947191731734	1	1	p51	C:5426:T	Others	N
5790	C	A	0.0146389008640888	0.133333333333333	0.10427807486631	p51	C:5790:A	Others	N
6045	T	C	0.998193024233086	1	1	p51	T:6045:C	Others	N
6152	C	T	0.999176817787742	1	1	p51	C:6152:T	Others	N
6958	G	A	0.000394665648174671	0.028169014084507	0.0216284987277354	p51	G:6958:A	Others	N
7028	T	C	0.9986402837338	1	1	p51	T:7028:C	Others	N
7814	G	A	0.000699651695134379	0.0169491525423729	0.0179910044977511	p51	G:7814:A	Others	N
8860	G	A	0.999408404043136	1	1	p51	G:8860:A	Others	N
10876	G	A	0.999464772785755	1	1	p51	G:10876:A	Others	N
11016	G	A	0.999065059399893	1	1	p51	G:11016:A	Others	N
11467	G	A	0.99954599473888	1	0.999172870140612	p51	G:11467:A	Others	N
11578	C	A	0.00179349394609898	0.0465116279069767	0.00889328063241107	p51	C:11578:A	Others	N
11719	A	G	0.987165836137257	1	1	p51	A:11719:G	Others	N
11740	C	A	0.039776796760037	0.08	0.514335360556038	p51	C:11740:A	Others	N
11963	G	A	0.00886813930593158	0.0483870967741935	0.0614115490375802	p51	G:11963:A	Others	N
12308	G	A	0.999471087493699	1	1	p51	G:12308:A	Others	N
12372	A	G	0.997103133362247	1	1	p51	A:12372:G	Others	N
13020	C	T	0.996822231231988	1	1	p51	C:13020:T	Others	N
13240	G	A	0.00240498404312175	0.0434782608695652	0.0153846153846154	p51	G:13240:A	G:13240:A	Y
13734	C	T	0.999136968804299	1	0.999169435215947	p51	C:13734:T	Others	N
14581	T	C	0.0251763951250802	0.0869565217391304	0.224508050089445	p51	T:14581:C	Others	N
14766	C	T	0.999301873453517	1	1	p51	C:14766:T	Others	N
14983	C	T	0.0424083193485378	0.0815241470979176	0.521891418563923	p51	C:14983:T	Others	N
15326	G	A	0.999880864781527	1	1	p51	G:15326:A	Others	N
15454	T	C	0.99926387360789	1	1	p51	T:15454:C	Others	N
15731	G	A	0.999287257500501	1	1	p51	G:15731:A	Others	N
15732	C	T	0.999336212178683	1	1	p51	C:15732:T	Others	N
15807	C	T	0.000625982988912276	0.0704725710508923	0.0180383314543405	p51	C:15807:T	Others	N
15907	G	A	0.999518837511428	1	1	p51	G:15907:A	Others	N
16051	G	A	0.999577315394492	1	1	p51	G:16051:A	Others	N
16129	C	G	0.997810702102744	1	1	p51	C:16129:G	Others	N
16178	TCA	T	0.0777140597192011	1	0.198307134220073	p51	TCA:16178:T	Others	N
16180	A	T	0.230777499104264	0.25	0.89	p51	A:16180:T	Others	N
16181	AAAC	A	0.0114259597806216	1	0.0216346153846154	p51	AAAC:16181:A	Others	N
16183	A	C	0.96192093136066	1	1	p51	A:16183:C	Others	N
16189	C	T	0.998792874510683	1	0.999172185430464	p51	C:16189:T	Others	N
16290	C	T	0.00580756936141139	0.032258064516129	0.0798175598631699	p51	C:16290:T	Others	N
16362	C	T	0.997620263170896	1	1	p51	C:16362:T	Others	N
16519	T	C	0.99970530078333	1	1	p51	T:16519:C	Others	N
73	G	A	0.999716220447785	1	1	p60	G:73:A	Others	N
152	C	T	0.999091459721381	1	1	p60	C:152:T	Others	N
217	C	T	0.999436762510913	1	1	p60	C:217:T	Others	N
263	G	A	0.999831311413189	1	1	p60	G:263:A	Others	N
497	C	A	0.00643374592613857	NA	0	p60	C:497:A	Others	N
508	A	G	0.999385770346357	1	1	p60	A:508:G	Others	N
750	A	G	0.9997725521846	1	1	p60	A:750:G	Others	N
875	T	C	0.00168929191640032	0.0666666666666667	0.394736842105263	p60	T:875:C	Others	N
1154	A	T	0.999578777894264	1	1	p60	A:1154:T	Others	N
1438	G	A	0.999815805227184	1	1	p60	G:1438:A	Others	N
1454	G	A	0.00196630497978168	0.0775	0.411764705882353	p60	G:1454:A	Others	N
1811	G	A	0.999480271264869	1	1	p60	G:1811:A	Others	N
2273	A	G	0.00631537398855338	0.0909090909090909	0.489583333333333	p60	A:2273:G	Others	N
2576	A	G	0.000548439955857272	0.037037037037037	0.0454545454545455	p60	A:2576:G	Others	N
2706	G	A	0.999855248021088	1	1	p60	G:2706:A	Others	N
2905	A	T	0.00107725085581596	0.0714285714285714	0.133333333333333	p60	A:2905:T	Others	N
3720	G	A	0.9994864020809	1	1	p60	G:3720:A	Others	N
3865	A	G	0.999561193229374	1	1	p60	A:3865:G	Others	N
4492	T	A	0.00117331725852808	0.0909090909090909	0.206349206349206	p60	T:4492:A	Others	N
4769	G	A	0.99916918877218	1	1	p60	G:4769:A	Others	N
4881	C	T	0.00480756294230028	0.0441729323308271	0.0431654676258993	p60	C:4881:T	C:4881:T	Y
5390	G	A	0.99941546607984	1	1	p60	G:5390:A	Others	N
5426	C	T	0.99947191731734	1	1	p60	C:5426:T	Others	N
5790	C	A	0.0146389008640888	0.176785714285714	0.334328358208955	p60	C:5790:A	Others	N
6045	T	C	0.998193024233086	1	1	p60	T:6045:C	Others	N
6152	C	T	0.999176817787742	1	1	p60	C:6152:T	Others	N
6958	G	A	0.000394665648174671	0.0470899470899471	0.137931034482759	p60	G:6958:A	Others	N
7028	T	C	0.9986402837338	1	1	p60	T:7028:C	Others	N
7814	G	A	0.000699651695134379	NA	0	p60	G:7814:A	Others	N
8860	G	A	0.999408404043136	1	1	p60	G:8860:A	Others	N
10876	G	A	0.999464772785755	1	1	p60	G:10876:A	Others	N
11016	G	A	0.999065059399893	1	1	p60	G:11016:A	Others	N
11467	G	A	0.99954599473888	1	1	p60	G:11467:A	Others	N
11578	C	A	0.00179349394609898	0.0212765957446809	0.0114942528735632	p60	C:11578:A	Others	N
11719	A	G	0.987165836137257	1	1	p60	A:11719:G	Others	N
11740	C	A	0.039776796760037	0.1	0.726072607260726	p60	C:11740:A	Others	N
11963	G	A	0.00886813930593158	NA	0	p60	G:11963:A	Others	N
12308	G	A	0.999471087493699	1	1	p60	G:12308:A	Others	N
12372	A	G	0.997103133362247	1	1	p60	A:12372:G	Others	N
13020	C	T	0.996822231231988	1	1	p60	C:13020:T	Others	N
13240	G	A	0.00240498404312175	0.0333333333333333	0.0344827586206897	p60	G:13240:A	G:13240:A	Y
13734	C	T	0.999136968804299	1	1	p60	C:13734:T	Others	N
14581	T	C	0.0251763951250802	0.0769230769230769	0.354037267080745	p60	T:14581:C	Others	N
14766	C	T	0.999301873453517	1	1	p60	C:14766:T	Others	N
14983	C	T	0.0424083193485378	0.0943396226415094	0.711598746081505	p60	C:14983:T	Others	N
15326	G	A	0.999880864781527	1	1	p60	G:15326:A	Others	N
15454	T	C	0.99926387360789	1	1	p60	T:15454:C	Others	N
15731	G	A	0.999287257500501	1	1	p60	G:15731:A	Others	N
15732	C	T	0.999336212178683	1	1	p60	C:15732:T	Others	N
15807	C	T	0.000625982988912276	NA	0	p60	C:15807:T	Others	N
15907	G	A	0.999518837511428	1	1	p60	G:15907:A	Others	N
16051	G	A	0.999577315394492	1	1	p60	G:16051:A	Others	N
16129	C	G	0.997810702102744	1	1	p60	C:16129:G	Others	N
16178	TCA	T	0.0777140597192011	1	0.152542372881356	p60	TCA:16178:T	Others	N
16180	A	T	0.230777499104264	0.3	0.88	p60	A:16180:T	Others	N
16181	AAAC	A	0.0114259597806216	1	0.0352941176470588	p60	AAAC:16181:A	Others	N
16183	A	C	0.96192093136066	1	1	p60	A:16183:C	Others	N
16189	C	T	0.998792874510683	1	1	p60	C:16189:T	Others	N
16290	C	T	0.00580756936141139	0.0729166666666667	0.228571428571429	p60	C:16290:T	Others	N
16362	C	T	0.997620263170896	1	1	p60	C:16362:T	Others	N
16519	T	C	0.99970530078333	1	1	p60	T:16519:C	Others	N
73	G	A	0.999716220447785	1	1	p30	G:73:A	Others	N
152	C	T	0.999091459721381	1	1	p30	C:152:T	Others	N
217	C	T	0.999436762510913	1	1	p30	C:217:T	Others	N
263	G	A	0.999831311413189	1	1	p30	G:263:A	Others	N
497	C	A	0.00643374592613857	0.136363636363636	0.325	p30	C:497:A	Others	N
508	A	G	0.999385770346357	1	1	p30	A:508:G	Others	N
750	A	G	0.9997725521846	1	1	p30	A:750:G	Others	N
875	T	C	0.00168929191640032	0.0227272727272727	0.181818181818182	p30	T:875:C	Others	N
1154	A	T	0.999578777894264	1	1	p30	A:1154:T	Others	N
1438	G	A	0.999815805227184	1	1	p30	G:1438:A	Others	N
1454	G	A	0.00196630497978168	NA	0	p30	G:1454:A	Others	N
1811	G	A	0.999480271264869	1	1	p30	G:1811:A	Others	N
2273	A	G	0.00631537398855338	NA	0	p30	A:2273:G	Others	N
2576	A	G	0.000548439955857272	0.0333333333333333	0.1	p30	A:2576:G	Others	N
2706	G	A	0.999855248021088	1	1	p30	G:2706:A	Others	N
2905	A	T	0.00107725085581596	NA	0	p30	A:2905:T	Others	N
3720	G	A	0.9994864020809	1	1	p30	G:3720:A	Others	N
3865	A	G	0.999561193229374	1	1	p30	A:3865:G	Others	N
4492	T	A	0.00117331725852808	NA	0	p30	T:4492:A	Others	N
4769	G	A	0.99916918877218	1	1	p30	G:4769:A	Others	N
4881	C	T	0.00480756294230028	0.054093567251462	0.153846153846154	p30	C:4881:T	C:4881:T	Y
5390	G	A	0.99941546607984	1	1	p30	G:5390:A	Others	N
5426	C	T	0.99947191731734	1	1	p30	C:5426:T	Others	N
5790	C	A	0.0146389008640888	0.04	0.0136986301369863	p30	C:5790:A	Others	N
6045	T	C	0.998193024233086	1	1	p30	T:6045:C	Others	N
6152	C	T	0.999176817787742	1	1	p30	C:6152:T	Others	N
6958	G	A	0.000394665648174671	NA	0	p30	G:6958:A	Others	N
7028	T	C	0.9986402837338	1	1	p30	T:7028:C	Others	N
7814	G	A	0.000699651695134379	0.037037037037037	0.2	p30	G:7814:A	Others	N
8860	G	A	0.999408404043136	1	1	p30	G:8860:A	Others	N
10876	G	A	0.999464772785755	1	1	p30	G:10876:A	Others	N
11016	G	A	0.999065059399893	1	1	p30	G:11016:A	Others	N
11467	G	A	0.99954599473888	1	1	p30	G:11467:A	Others	N
11578	C	A	0.00179349394609898	0.0393700787401575	0.1	p30	C:11578:A	Others	N
11719	A	G	0.987165836137257	1	1	p30	A:11719:G	Others	N
11740	C	A	0.039776796760037	0.0454545454545455	0.338235294117647	p30	C:11740:A	Others	N
11963	G	A	0.00886813930593158	0.0816666666666667	0.325581395348837	p30	G:11963:A	Others	N
12308	G	A	0.999471087493699	1	1	p30	G:12308:A	Others	N
12372	A	G	0.997103133362247	1	1	p30	A:12372:G	Others	N
13020	C	T	0.996822231231988	1	1	p30	C:13020:T	Others	N
13240	G	A	0.00240498404312175	0.0294117647058824	0.0980392156862745	p30	G:13240:A	G:13240:A	Y
13734	C	T	0.999136968804299	1	1	p30	C:13734:T	Others	N
14581	T	C	0.0251763951250802	0.0871212121212121	0.526315789473684	p30	T:14581:C	Others	N
14766	C	T	0.999301873453517	1	1	p30	C:14766:T	Others	N
14983	C	T	0.0424083193485378	0.063508064516129	0.323529411764706	p30	C:14983:T	Others	N
15326	G	A	0.999880864781527	1	1	p30	G:15326:A	Others	N
15454	T	C	0.99926387360789	1	1	p30	T:15454:C	Others	N
15731	G	A	0.999287257500501	1	1	p30	G:15731:A	Others	N
15732	C	T	0.999336212178683	1	1	p30	C:15732:T	Others	N
15807	C	T	0.000625982988912276	NA	0	p30	C:15807:T	Others	N
15907	G	A	0.999518837511428	1	1	p30	G:15907:A	Others	N
16051	G	A	0.999577315394492	1	1	p30	G:16051:A	Others	N
16129	C	G	0.997810702102744	1	1	p30	C:16129:G	Others	N
16178	TCA	T	0.0777140597192011	1	0.170731707317073	p30	TCA:16178:T	Others	N
16180	A	T	0.230777499104264	0.25	0.892307692307692	p30	A:16180:T	Others	N
16181	AAAC	A	0.0114259597806216	0.75	0.0952380952380952	p30	AAAC:16181:A	Others	N
16183	A	C	0.96192093136066	1	1	p30	A:16183:C	Others	N
16189	C	T	0.998792874510683	1	1	p30	C:16189:T	Others	N
16290	C	T	0.00580756936141139	0.0769230769230769	0.476190476190476	p30	C:16290:T	Others	N
16362	C	T	0.997620263170896	1	1	p30	C:16362:T	Others	N
16519	T	C	0.99970530078333	1	1	p30	T:16519:C	Others	N
