cell_id	m.302A	m.302A>AC	m.302A>ACC	m.302A>ACCC
SA1047B-A96210B-R26-C20	0.5	0.416666666666667	0	0
SA1047B-A96210B-R26-C39	0.615384615384615	0.384615384615385	0	0
SA1047B-A96210B-R26-C46	0.307692307692308	0.230769230769231	0.461538461538462	0
SA1047B-A96210B-R26-C49	0.285714285714286	0.214285714285714	0.5	0
SA1047B-A96210B-R26-C61	0.416666666666667	0.5	0	0
SA1047B-A96210B-R27-C12	0.652173913043478	0.260869565217391	0	0
SA1047B-A96210B-R27-C13	0.545454545454545	0.409090909090909	0	0
SA1047B-A96210B-R27-C14	0.363636363636364	0.636363636363636	0	0
SA1047B-A96210B-R27-C15	0.5	0.5	0	0
SA1047B-A96210B-R27-C20	0.8	0.2	0	0
SA1047B-A96210B-R27-C22	0.4375	0.5625	0	0
SA1047B-A96210B-R27-C30	0.7	0.3	0	0
SA1047B-A96210B-R27-C35	0.5	0.45	0	0
SA1047B-A96210B-R27-C41	0.379310344827586	0.206896551724138	0.413793103448276	0
SA1047B-A96210B-R27-C43	0.555555555555556	0.444444444444444	0	0
SA1047B-A96210B-R27-C44	0.733333333333333	0.266666666666667	0	0
SA1047B-A96210B-R27-C46	0.6	0.4	0	0
SA1047B-A96210B-R27-C48	0.789473684210526	0.157894736842105	0	0
SA1047B-A96210B-R27-C49	0.727272727272727	0.272727272727273	0	0
SA1047B-A96210B-R27-C52	0.722222222222222	0.277777777777778	0	0
SA1047B-A96210B-R27-C59	0.28125	0.1875	0.5	0
SA1047B-A96210B-R27-C61	0.75	0.166666666666667	0	0
SA1047B-A96210B-R27-C62	0.6875	0.25	0	0
SA1047B-A96210B-R27-C65	0.75	0.25	0	0
SA1047B-A96210B-R27-C66	0.636363636363636	0.272727272727273	0	0
SA1047B-A96210B-R27-C68	0.727272727272727	0.272727272727273	0	0
SA1047B-A96210B-R27-C70	0.5	0.5	0	0
SA1047B-A96210B-R29-C43	0.6	0.4	0	0
SA1047B-A96210B-R29-C57	0.375	0.1875	0.4375	0
SA1047B-A96210B-R30-C07	0.538461538461538	0.461538461538462	0	0
SA1047B-A96210B-R30-C12	0.6	0.4	0	0
SA1047B-A96210B-R30-C16	0.3	0.7	0	0
SA1047B-A96210B-R30-C20	0.722222222222222	0.222222222222222	0	0
SA1047B-A96210B-R30-C23	0.5	0.214285714285714	0	0.285714285714286
SA1047B-A96210B-R30-C25	0.304347826086957	0.130434782608696	0	0
SA1047B-A96210B-R30-C40	0.583333333333333	0.25	0	0
SA1047B-A96210B-R30-C41	0.470588235294118	0.529411764705882	0	0
SA1047B-A96210B-R30-C46	0.416666666666667	0.5	0	0
SA1047B-A96210B-R30-C51	0.615384615384615	0.307692307692308	0	0
SA1047B-A96210B-R30-C57	0.285714285714286	0.214285714285714	0	0
SA1047B-A96210B-R30-C68	0.363636363636364	0.0454545454545455	0.590909090909091	0
SA1047B-A96210B-R30-C70	0.846153846153846	0.0769230769230769	0	0
SA1047B-A96210B-R31-C12	0.727272727272727	0.181818181818182	0	0
SA1047B-A96210B-R31-C14	0.6	0.3	0	0
SA1047B-A96210B-R31-C17	0.636363636363636	0.363636363636364	0	0
SA1047B-A96210B-R31-C21	0.583333333333333	0.416666666666667	0	0
SA1047B-A96210B-R31-C23	0.5	0.5	0	0
SA1047B-A96210B-R31-C24	0.75	0.125	0	0
SA1047B-A96210B-R31-C31	0.75	0.25	0	0
SA1047B-A96210B-R31-C35	0.8	0.2	0	0
SA1047B-A96210B-R31-C37	0.733333333333333	0.2	0	0
SA1047B-A96210B-R31-C41	0.727272727272727	0.181818181818182	0	0
SA1047B-A96210B-R31-C42	0.692307692307692	0.307692307692308	0	0
SA1047B-A96210B-R31-C45	0.8	0.2	0	0
SA1047B-A96210B-R31-C46	0.85	0.15	0	0
SA1047B-A96210B-R31-C48	0.3	0.25	0.45	0
SA1047B-A96210B-R31-C56	0.464285714285714	0.392857142857143	0	0
SA1047B-A96210B-R31-C57	0.9	0.1	0	0
SA1047B-A96210B-R31-C59	0.545454545454545	0.454545454545455	0	0
SA1047B-A96210B-R31-C60	0.6875	0.3125	0	0
SA1047B-A96210B-R31-C67	0.266666666666667	0.0666666666666667	0.666666666666667	0
SA1047B-A96210B-R31-C69	0.7	0.2	0	0
SA1047B-A96210B-R32-C12	0.7	0.2	0	0
SA1047B-A96210B-R32-C15	0.571428571428571	0.357142857142857	0	0
SA1047B-A96210B-R32-C17	0.705882352941177	0.235294117647059	0	0
SA1047B-A96210B-R32-C20	0.625	0.375	0	0
SA1047B-A96210B-R32-C22	0.3	0	0.6	0
SA1047B-A96210B-R32-C31	0.545454545454545	0.454545454545455	0	0
SA1047B-A96210B-R32-C35	0.25	0.208333333333333	0	0
SA1047B-A96210B-R32-C39	0.533333333333333	0.466666666666667	0	0
SA1047B-A96210B-R32-C40	0.642857142857143	0.25	0	0
SA1047B-A96210B-R32-C41	0.909090909090909	0.0909090909090909	0	0
SA1047B-A96210B-R32-C59	0.75	0.25	0	0
SA1047B-A96210B-R32-C61	0.5	0.5	0	0
SA1047B-A96210B-R32-C63	0.583333333333333	0.333333333333333	0	0
SA1047B-A96210B-R32-C69	0.666666666666667	0.25	0	0
SA1047B-A96210B-R33-C17	0.2	0.133333333333333	0.6	0
SA1047B-A96210B-R33-C27	0.7	0.2	0	0
SA1047B-A96210B-R33-C34	0.7	0.3	0	0
SA1047B-A96210B-R33-C57	0.8	0.2	0	0
SA1047B-A96210B-R33-C59	0.818181818181818	0.181818181818182	0	0
SA1047B-A96210B-R33-C65	0.636363636363636	0.272727272727273	0	0
SA1047B-A96210B-R33-C66	0.727272727272727	0.181818181818182	0	0
SA1047B-A96210B-R33-C68	0.615384615384615	0.307692307692308	0	0
SA1047B-A96210B-R34-C23	0.692307692307692	0.230769230769231	0	0
SA1047B-A96210B-R34-C29	0.333333333333333	0.0555555555555556	0.611111111111111	0
SA1047B-A96210B-R34-C30	0.75	0.25	0	0
SA1047B-A96210B-R34-C32	0.6	0.4	0	0
SA1047B-A96210B-R34-C33	0.8	0.2	0	0
SA1047B-A96210B-R34-C34	0.6	0.4	0	0
SA1047B-A96210B-R34-C36	0.7	0.3	0	0
SA1047B-A96210B-R34-C38	0.8	0.1	0	0
SA1047B-A96210B-R34-C39	0.666666666666667	0.333333333333333	0	0
SA1047B-A96210B-R34-C43	0.538461538461538	0.461538461538462	0	0
SA1047B-A96210B-R34-C44	0.666666666666667	0.333333333333333	0	0
SA1047B-A96210B-R34-C45	0.818181818181818	0.181818181818182	0	0
SA1047B-A96210B-R34-C54	0.7	0.3	0	0
SA1047B-A96210B-R34-C57	0.666666666666667	0.333333333333333	0	0
SA1047B-A96210B-R34-C63	0.916666666666667	0.0833333333333333	0	0
SA1047B-A96210B-R34-C64	0.333333333333333	0.133333333333333	0.533333333333333	0
SA1047B-A96210B-R34-C67	0.769230769230769	0.230769230769231	0	0
SA1047B-A96210B-R34-C70	0.9	0.1	0	0
SA1047B-A96210B-R35-C11	0.470588235294118	0.529411764705882	0	0
SA1047B-A96210B-R35-C13	0.6	0.3	0	0
SA1047B-A96210B-R35-C14	0.5	0.1875	0	0
SA1047B-A96210B-R35-C15	0.571428571428571	0.285714285714286	0	0
SA1047B-A96210B-R35-C17	0.645161290322581	0.354838709677419	0	0
SA1047B-A96210B-R35-C24	0.466666666666667	0.333333333333333	0.2	0
SA1047B-A96210B-R35-C26	0.857142857142857	0.142857142857143	0	0
SA1047B-A96210B-R35-C28	0.56	0.44	0	0
SA1047B-A96210B-R35-C30	0.769230769230769	0.230769230769231	0	0
SA1047B-A96210B-R35-C31	0.428571428571429	0.5	0	0
SA1047B-A96210B-R35-C43	0.75	0.25	0	0
SA1047B-A96210B-R35-C44	0.727272727272727	0.181818181818182	0	0
SA1047B-A96210B-R35-C48	0.722222222222222	0.277777777777778	0	0
SA1047B-A96210B-R35-C54	0.391304347826087	0.217391304347826	0	0.391304347826087
SA1047B-A96210B-R35-C60	0.666666666666667	0.333333333333333	0	0
SA1047B-A96210B-R35-C63	0.538461538461538	0.461538461538462	0	0
SA1047B-A96210B-R35-C65	0.636363636363636	0.272727272727273	0	0
SA1047B-A96210B-R35-C66	0.4	0.6	0	0
SA1047B-A96210B-R35-C67	0.695652173913043	0.304347826086957	0	0
SA1047B-A96210B-R35-C68	0.740740740740741	0.222222222222222	0	0
SA1047B-A96210B-R36-C35	0.461538461538462	0.384615384615385	0	0
SA1047B-A96210B-R36-C37	0.4	0.6	0	0
SA1047B-A96210B-R36-C48	0.545454545454545	0.272727272727273	0	0
SA1047B-A96210B-R36-C55	0.235294117647059	0.176470588235294	0.588235294117647	0
SA1047B-A96210B-R36-C56	0.75	0.25	0	0
SA1047B-A96210B-R36-C57	0.8	0.2	0	0
SA1047B-A96210B-R37-C09	0.272727272727273	0.272727272727273	0	0
SA1047B-A96210B-R37-C11	0.842105263157895	0.157894736842105	0	0
SA1047B-A96210B-R37-C13	0.5	0.2	0.3	0
SA1047B-A96210B-R37-C15	0.6875	0.3125	0	0
SA1047B-A96210B-R37-C16	0.538461538461538	0.384615384615385	0	0
SA1047B-A96210B-R37-C24	0.363636363636364	0.545454545454545	0	0
SA1047B-A96210B-R37-C25	0.5	0.416666666666667	0	0
SA1047B-A96210B-R37-C27	0.636363636363636	0.363636363636364	0	0
SA1047B-A96210B-R37-C40	0.5	0.1875	0.3125	0
SA1047B-A96210B-R37-C42	0.8	0.2	0	0
SA1047B-A96210B-R37-C43	0.833333333333333	0.166666666666667	0	0
SA1047B-A96210B-R37-C51	0.615384615384615	0.384615384615385	0	0
SA1047B-A96210B-R37-C60	0.75	0.25	0	0
SA1047B-A96210B-R37-C61	0.4	0.6	0	0
SA1047B-A96210B-R37-C63	0.7	0.3	0	0
SA1047B-A96210B-R37-C64	0.333333333333333	0.142857142857143	0.523809523809524	0
SA1047B-A96210B-R37-C67	0.434782608695652	0.217391304347826	0	0.347826086956522
SA1047B-A96210B-R37-C68	0.5625	0.125	0.3125	0
SA1047B-A96210B-R38-C08	0.75	0.1875	0	0
SA1047B-A96210B-R38-C17	0.785714285714286	0.142857142857143	0	0
SA1047B-A96210B-R38-C18	0.666666666666667	0.333333333333333	0	0
SA1047B-A96210B-R38-C20	0.666666666666667	0.133333333333333	0	0
SA1047B-A96210B-R38-C25	0.846153846153846	0.153846153846154	0	0
SA1047B-A96210B-R38-C26	0.714285714285714	0.142857142857143	0	0
SA1047B-A96210B-R38-C29	0.545454545454545	0.454545454545455	0	0
SA1047B-A96210B-R38-C43	0.785714285714286	0.214285714285714	0	0
SA1047B-A96210B-R38-C46	0.857142857142857	0.0714285714285714	0	0
SA1047B-A96210B-R38-C47	0.727272727272727	0.272727272727273	0	0
SA1047B-A96210B-R38-C59	0.625	0.25	0	0
SA1047B-A96210B-R38-C61	0.733333333333333	0.266666666666667	0	0
SA1047B-A96210B-R38-C69	0.8	0.0666666666666667	0	0
SA1047B-A96210B-R39-C16	0.4	0.466666666666667	0	0
SA1047B-A96210B-R39-C22	0.363636363636364	0.318181818181818	0.318181818181818	0
SA1047B-A96210B-R39-C25	0.818181818181818	0.181818181818182	0	0
SA1047B-A96210B-R39-C32	0.5	0.4	0	0
SA1047B-A96210B-R39-C42	0.6	0.4	0	0
SA1047B-A96210B-R39-C44	0.6	0.4	0	0
SA1047B-A96210B-R39-C56	0.785714285714286	0.142857142857143	0	0
SA1047B-A96210B-R39-C60	0.777777777777778	0.222222222222222	0	0
SA1047B-A96210B-R39-C62	0.285714285714286	0.142857142857143	0.571428571428571	0
SA1047B-A96210B-R40-C08	0.769230769230769	0.230769230769231	0	0
SA1047B-A96210B-R40-C09	0.466666666666667	0.4	0	0
SA1047B-A96210B-R40-C27	0.583333333333333	0.333333333333333	0	0
SA1047B-A96210B-R40-C29	0.6	0.4	0	0
SA1047B-A96210B-R40-C31	0.5	0.5	0	0
SA1047B-A96210B-R40-C32	0.583333333333333	0.416666666666667	0	0
SA1047B-A96210B-R40-C33	0.846153846153846	0.153846153846154	0	0
SA1047B-A96210B-R40-C35	0.866666666666667	0.133333333333333	0	0
SA1047B-A96210B-R40-C39	0.866666666666667	0.0666666666666667	0	0
SA1047B-A96210B-R40-C47	0.714285714285714	0.285714285714286	0	0
SA1047B-A96210B-R40-C49	0.6	0.4	0	0
SA1047B-A96210B-R40-C62	0.727272727272727	0.272727272727273	0	0
SA1047B-A96210B-R41-C11	0.4	0.133333333333333	0	0.466666666666667
SA1047B-A96210B-R41-C29	0.454545454545455	0.545454545454545	0	0
SA1047B-A96210B-R41-C46	0.5	0.5	0	0
SA1047B-A96210B-R41-C55	0.727272727272727	0.272727272727273	0	0
SA1047B-A96210B-R41-C57	0.818181818181818	0.181818181818182	0	0
SA1047B-A96210B-R41-C64	0.8	0.2	0	0
